Team Name,Leader Name,Leader Email,College,Member 1 Name,Member 1 Email,Member 2 Name,Member 2 Email,Member 3 Name,Member 3 Email
"Crypto Legion 1","Reyansh Kulkarni","reyansh.kulkarni1@example.com","Sinhgad College of Engineering, Vadgaon","","","","","",""
"Nova Syndicate 2","Shreya Malhotra","shreya.malhotra2@example.com","MIT World Peace University, Pune","Devesh Kulkarni","devesh.kulkarni2_m1@example.com","","","",""
"Apex Titans 3","Rohan Shinde","rohan.shinde3@example.com","COEP Technological University, Pune","Sai Chavan","sai.chavan3_m1@example.com","Diya Dolas","diya.dolas3_m2@example.com","",""
"Matrix Pioneers 4","Vihaan Bose","vihaan.bose4@example.com","VJTI Mumbai","Vivaan Kulkarni","vivaan.kulkarni4_m1@example.com","Riya Iyer","riya.iyer4_m2@example.com","Tanvi Dolas","tanvi.dolas4_m3@example.com"
"Nova Innovators 5","Neha Kapoor","neha.kapoor5@example.com","COEP Technological University, Pune","Harsh Dolas","harsh.dolas5_m1@example.com","","","",""
"Cyber Nodes 6","Rhea Mehta","rhea.mehta6@example.com","VJTI Mumbai","Sai Bose","sai.bose6_m1@example.com","","","",""
"Algo Builders 7","Diya Gupta","diya.gupta7@example.com","Walchand College of Engineering, Sangli","Kavya Sharma","kavya.sharma7_m1@example.com","Rohan Shah","rohan.shah7_m2@example.com","Riya Iyer","riya.iyer7_m3@example.com"
"Binary Lab 8","Devesh Shah","devesh.shah8@example.com","AISSMS Institute of Information Technology, Pune","Arjun Malhotra","arjun.malhotra8_m1@example.com","Shaurya Gupta","shaurya.gupta8_m2@example.com","Meera Tambe","meera.tambe8_m3@example.com"
"Algo Guild 9","Saanvi Singh","saanvi.singh9@example.com","AISSMS Institute of Information Technology, Pune","Kunal Mehta","kunal.mehta9_m1@example.com","","","",""
"Pixel Pioneers 10","Vivaan Pawar","vivaan.pawar10@example.com","Walchand College of Engineering, Sangli","Saanvi Iyer","saanvi.iyer10_m1@example.com","","","",""
"Vector Syndicate 11","Vihaan Shinde","vihaan.shinde11@example.com","Walchand College of Engineering, Sangli","Riya Deshmukh","riya.deshmukh11_m1@example.com","Gauri Shinde","gauri.shinde11_m2@example.com","Gauri Joshi","gauri.joshi11_m3@example.com"
"Echo Vanguard 12","Dhruv Sharma","dhruv.sharma12@example.com","AISSMS Institute of Information Technology, Pune","Rohan Iyer","rohan.iyer12_m1@example.com","","","",""
"Synapse Guild 13","Krishna Iyer","krishna.iyer13@example.com","Walchand College of Engineering, Sangli","Saanvi Sharma","saanvi.sharma13_m1@example.com","","","",""
"Cyber Guild 14","Gauri Deshmukh","gauri.deshmukh14@example.com","COEP Technological University, Pune","Kabir Bose","kabir.bose14_m1@example.com","Ishaan Sharma","ishaan.sharma14_m2@example.com","Aarav Singh","aarav.singh14_m3@example.com"
"Vortex Guild 15","Shreya Pawar","shreya.pawar15@example.com","DY Patil College of Engineering, Akurdi","Arjun Joshi","arjun.joshi15_m1@example.com","Atharv Kapoor","atharv.kapoor15_m2@example.com","Vivaan Verma","vivaan.verma15_m3@example.com"
"Algo Crafters 16","Kavya Deshmukh","kavya.deshmukh16@example.com","PCCOE Pune","Kabir Deshmukh","kabir.deshmukh16_m1@example.com","Meera Chavan","meera.chavan16_m2@example.com","",""
"Terra Warriors 17","Dhruv Deshmukh","dhruv.deshmukh17@example.com","MIT World Peace University, Pune","Rhea Mehta","rhea.mehta17_m1@example.com","Devesh Joshi","devesh.joshi17_m2@example.com","",""
"Quantum Warriors 18","Neha Dolas","neha.dolas18@example.com","PICT Pune","Tanvi Iyer","tanvi.iyer18_m1@example.com","","","",""
"Cyber Builders 19","Sai Verma","sai.verma19@example.com","VJTI Mumbai","Shaurya Singh","shaurya.singh19_m1@example.com","Rhea Bose","rhea.bose19_m2@example.com","Diya Patil","diya.patil19_m3@example.com"
"Vortex Titans 20","Sneha Pawar","sneha.pawar20@example.com","Walchand College of Engineering, Sangli","Ananya Kapoor","ananya.kapoor20_m1@example.com","Meera Kapoor","meera.kapoor20_m2@example.com","",""
"Terra Hackers 21","Devesh Singh","devesh.singh21@example.com","VJTI Mumbai","Atharv Malhotra","atharv.malhotra21_m1@example.com","Isha Joshi","isha.joshi21_m2@example.com","",""
"Algo Rockets 22","Harsh Gupta","harsh.gupta22@example.com","VJTI Mumbai","Devesh Deshmukh","devesh.deshmukh22_m1@example.com","Aarav Shinde","aarav.shinde22_m2@example.com","",""
"Algo Titans 23","Shreya Pawar","shreya.pawar23@example.com","DY Patil College of Engineering, Akurdi","Aditya Pawar","aditya.pawar23_m1@example.com","Riya Shah","riya.shah23_m2@example.com","",""
"Pixel Titans 24","Meera Pawar","meera.pawar24@example.com","COEP Technological University, Pune","Arjun Deshmukh","arjun.deshmukh24_m1@example.com","Isha Sharma","isha.sharma24_m2@example.com","",""
"Hyper Squad 25","Shaurya Iyer","shaurya.iyer25@example.com","VIIT Pune","Vivaan Pawar","vivaan.pawar25_m1@example.com","","","",""
"Hyper Crafters 26","Dhruv Chavan","dhruv.chavan26@example.com","SPIT Mumbai","Neha Malhotra","neha.malhotra26_m1@example.com","","","",""
"Pixel Architects 27","Vivaan Kapoor","vivaan.kapoor27@example.com","VIIT Pune","Sneha Nair","sneha.nair27_m1@example.com","Pranav Rao","pranav.rao27_m2@example.com","",""
"Apex Bytes 28","Vihaan Pawar","vihaan.pawar28@example.com","SPIT Mumbai","Aditi Kulkarni","aditi.kulkarni28_m1@example.com","Rhea Yadav","rhea.yadav28_m2@example.com","",""
"Matrix Hackers 29","Kunal Gunjkar","kunal.gunjkar29@example.com","PICT Pune","Sai Shah","sai.shah29_m1@example.com","","","",""
"Code Innovators 30","Rhea Mehta","rhea.mehta30@example.com","AISSMS Institute of Information Technology, Pune","Saanvi Dolas","saanvi.dolas30_m1@example.com","Arjun Yadav","arjun.yadav30_m2@example.com","",""
"Apex Pioneers 31","Aditya Singh","aditya.singh31@example.com","SPIT Mumbai","Krishna Dolas","krishna.dolas31_m1@example.com","","","",""
"Binary Devs 32","Isha Tambe","isha.tambe32@example.com","AISSMS Institute of Information Technology, Pune","","","","","",""
"Quantum Force 33","Riya Gupta","riya.gupta33@example.com","DY Patil College of Engineering, Akurdi","Meera Iyer","meera.iyer33_m1@example.com","","","",""
"Aero Squad 34","Isha Rao","isha.rao34@example.com","PICT Pune","Devesh Sharma","devesh.sharma34_m1@example.com","Sneha Dolas","sneha.dolas34_m2@example.com","Shreya Singh","shreya.singh34_m3@example.com"
"Zenith Rockets 35","Tanvi Malhotra","tanvi.malhotra35@example.com","Cummins College of Engineering for Women, Pune","Diya Deshmukh","diya.deshmukh35_m1@example.com","Sneha Deshmukh","sneha.deshmukh35_m2@example.com","",""
"Pixel Vanguard 36","Shaurya Gupta","shaurya.gupta36@example.com","COEP Technological University, Pune","Neha Patil","neha.patil36_m1@example.com","Rohan Verma","rohan.verma36_m2@example.com","Neha Bose","neha.bose36_m3@example.com"
"Apex Knights 37","Neha Shinde","neha.shinde37@example.com","VJTI Mumbai","","","","","",""
"Apex Lab 38","Dhruv Dolas","dhruv.dolas38@example.com","Walchand College of Engineering, Sangli","Aditi Deshmukh","aditi.deshmukh38_m1@example.com","Tanvi Yadav","tanvi.yadav38_m2@example.com","",""
"Vortex Pioneers 39","Diya Yadav","diya.yadav39@example.com","PCCOE Pune","Rohan Dolas","rohan.dolas39_m1@example.com","","","",""
"Nexus Vanguard 40","Arjun Reddy","arjun.reddy40@example.com","DY Patil College of Engineering, Akurdi","Shaurya Mehta","shaurya.mehta40_m1@example.com","Sneha Dolas","sneha.dolas40_m2@example.com","Neha Verma","neha.verma40_m3@example.com"
"Synapse Knights 41","Ananya Joshi","ananya.joshi41@example.com","VIIT Pune","Shaurya Patil","shaurya.patil41_m1@example.com","Atharv Nair","atharv.nair41_m2@example.com","",""
"Vector Lab 42","Pooja Pawar","pooja.pawar42@example.com","PCCOE Pune","Isha Pawar","isha.pawar42_m1@example.com","Aditya Yadav","aditya.yadav42_m2@example.com","Meera Tambe","meera.tambe42_m3@example.com"
"Algo Warriors 43","Krishna Rao","krishna.rao43@example.com","SPIT Mumbai","Kabir Tambe","kabir.tambe43_m1@example.com","Aditya Joshi","aditya.joshi43_m2@example.com","Reyansh Shah","reyansh.shah43_m3@example.com"
"Pixel Guild 44","Vivaan Sharma","vivaan.sharma44@example.com","PICT Pune","Arjun Shah","arjun.shah44_m1@example.com","","","",""
"Algo Devs 45","Dhruv Mehta","dhruv.mehta45@example.com","Cummins College of Engineering for Women, Pune","Kavya Reddy","kavya.reddy45_m1@example.com","","","",""
"Apex Bytes 46","Shreya Mehta","shreya.mehta46@example.com","Walchand College of Engineering, Sangli","Arjun Sharma","arjun.sharma46_m1@example.com","","","",""
"Sigma Hackers 47","Krishna Gupta","krishna.gupta47@example.com","AISSMS Institute of Information Technology, Pune","Sneha Verma","sneha.verma47_m1@example.com","Ishaan Iyer","ishaan.iyer47_m2@example.com","Isha Joshi","isha.joshi47_m3@example.com"
"Vortex Force 48","Pooja Reddy","pooja.reddy48@example.com","PICT Pune","Vivaan Shah","vivaan.shah48_m1@example.com","Kunal Singh","kunal.singh48_m2@example.com","Neha Reddy","neha.reddy48_m3@example.com"
"Algo Crafters 49","Saanvi Yadav","saanvi.yadav49@example.com","SPIT Mumbai","Aditi Gupta","aditi.gupta49_m1@example.com","","","",""
"Logic Squad 50","Sai Verma","sai.verma50@example.com","AISSMS Institute of Information Technology, Pune","Tanvi Kulkarni","tanvi.kulkarni50_m1@example.com","Sai Verma","sai.verma50_m2@example.com","",""
"Logic Bytes 51","Pranav Pawar","pranav.pawar51@example.com","SPIT Mumbai","Atharv Deshmukh","atharv.deshmukh51_m1@example.com","","","",""
"Synapse Crafters 52","Tanvi Malhotra","tanvi.malhotra52@example.com","MIT World Peace University, Pune","Saanvi Dolas","saanvi.dolas52_m1@example.com","","","",""
"Hyper Titans 53","Atharv Iyer","atharv.iyer53@example.com","Sinhgad College of Engineering, Vadgaon","Krishna Joshi","krishna.joshi53_m1@example.com","Meera Joshi","meera.joshi53_m2@example.com","Ananya Kulkarni","ananya.kulkarni53_m3@example.com"
"Algo Syndicate 54","Vivaan Singh","vivaan.singh54@example.com","Cummins College of Engineering for Women, Pune","Neha Sharma","neha.sharma54_m1@example.com","","","",""
"Neural Bytes 55","Sai Joshi","sai.joshi55@example.com","Sinhgad College of Engineering, Vadgaon","Kunal Pawar","kunal.pawar55_m1@example.com","Rohan Dolas","rohan.dolas55_m2@example.com","",""
"Vision Guild 56","Tanvi Shah","tanvi.shah56@example.com","PICT Pune","Pooja Reddy","pooja.reddy56_m1@example.com","","","",""
"Matrix Hackers 57","Aarav Bose","aarav.bose57@example.com","COEP Technological University, Pune","Arjun Bose","arjun.bose57_m1@example.com","","","",""
"Sigma Architects 58","Diya Joshi","diya.joshi58@example.com","Walchand College of Engineering, Sangli","Harsh Gunjkar","harsh.gunjkar58_m1@example.com","","","",""
"Aero Syndicate 59","Aditi Sharma","aditi.sharma59@example.com","Cummins College of Engineering for Women, Pune","Tanvi Iyer","tanvi.iyer59_m1@example.com","Rohan Reddy","rohan.reddy59_m2@example.com","Ananya Yadav","ananya.yadav59_m3@example.com"
"Hyper Legion 60","Sneha Shah","sneha.shah60@example.com","Sinhgad College of Engineering, Vadgaon","Pooja Rao","pooja.rao60_m1@example.com","Dhruv Gupta","dhruv.gupta60_m2@example.com","",""
"Nova Force 61","Pooja Kapoor","pooja.kapoor61@example.com","Walchand College of Engineering, Sangli","Pooja Reddy","pooja.reddy61_m1@example.com","Ishaan Nair","ishaan.nair61_m2@example.com","Kavya Singh","kavya.singh61_m3@example.com"
"Binary Legion 62","Shaurya Yadav","shaurya.yadav62@example.com","PCCOE Pune","Atharv Shinde","atharv.shinde62_m1@example.com","","","",""
"Nexus Lab 63","Pooja Chavan","pooja.chavan63@example.com","PCCOE Pune","Neha Tambe","neha.tambe63_m1@example.com","Atharv Patil","atharv.patil63_m2@example.com","",""
"Code Devs 64","Tanvi Tambe","tanvi.tambe64@example.com","PCCOE Pune","Shaurya Chavan","shaurya.chavan64_m1@example.com","Vihaan Reddy","vihaan.reddy64_m2@example.com","",""
"Binary Warriors 65","Meera Mehta","meera.mehta65@example.com","Walchand College of Engineering, Sangli","Krishna Iyer","krishna.iyer65_m1@example.com","Sai Rao","sai.rao65_m2@example.com","Isha Singh","isha.singh65_m3@example.com"
"Terra Warriors 66","Kavya Shah","kavya.shah66@example.com","AISSMS Institute of Information Technology, Pune","Tanvi Reddy","tanvi.reddy66_m1@example.com","","","",""
"Zenith Squad 67","Sneha Singh","sneha.singh67@example.com","PCCOE Pune","Harsh Gupta","harsh.gupta67_m1@example.com","Kunal Mehta","kunal.mehta67_m2@example.com","",""
"Binary Architects 68","Sai Mehta","sai.mehta68@example.com","COEP Technological University, Pune","","","","","",""
"Apex Legion 69","Ishaan Kapoor","ishaan.kapoor69@example.com","PICT Pune","Ayaan Reddy","ayaan.reddy69_m1@example.com","Kunal Rao","kunal.rao69_m2@example.com","Kavya Verma","kavya.verma69_m3@example.com"
"Vector Nodes 70","Atharv Yadav","atharv.yadav70@example.com","PICT Pune","Aditya Tambe","aditya.tambe70_m1@example.com","Sai Kulkarni","sai.kulkarni70_m2@example.com","Sai Chavan","sai.chavan70_m3@example.com"
"Code Lab 71","Shreya Mehta","shreya.mehta71@example.com","SPIT Mumbai","Sai Shinde","sai.shinde71_m1@example.com","","","",""
"Synapse Squad 72","Pranav Joshi","pranav.joshi72@example.com","VJTI Mumbai","Saanvi Sharma","saanvi.sharma72_m1@example.com","","","",""
"Neural Lab 73","Sai Singh","sai.singh73@example.com","Sinhgad College of Engineering, Vadgaon","Pranav Reddy","pranav.reddy73_m1@example.com","Vivaan Singh","vivaan.singh73_m2@example.com","Rohan Shah","rohan.shah73_m3@example.com"
"Terra Vanguard 74","Ananya Chavan","ananya.chavan74@example.com","Sinhgad College of Engineering, Vadgaon","Rohan Chavan","rohan.chavan74_m1@example.com","Aditya Kapoor","aditya.kapoor74_m2@example.com","Tanvi Reddy","tanvi.reddy74_m3@example.com"
"Flux Bytes 75","Kunal Mehta","kunal.mehta75@example.com","PCCOE Pune","Ayaan Nair","ayaan.nair75_m1@example.com","","","",""
"Cyber Devs 76","Krishna Iyer","krishna.iyer76@example.com","SPIT Mumbai","Shreya Shinde","shreya.shinde76_m1@example.com","Atharv Patil","atharv.patil76_m2@example.com","",""
"Apex Syndicate 77","Isha Mehta","isha.mehta77@example.com","SPIT Mumbai","Aditi Iyer","aditi.iyer77_m1@example.com","Arjun Verma","arjun.verma77_m2@example.com","",""
"Logic Builders 78","Isha Gupta","isha.gupta78@example.com","DY Patil College of Engineering, Akurdi","","","","","",""
"Apex Titans 79","Reyansh Yadav","reyansh.yadav79@example.com","PCCOE Pune","Harsh Patil","harsh.patil79_m1@example.com","Shaurya Kapoor","shaurya.kapoor79_m2@example.com","Pooja Yadav","pooja.yadav79_m3@example.com"
"Nova Devs 80","Isha Kulkarni","isha.kulkarni80@example.com","Sinhgad College of Engineering, Vadgaon","Pranav Bose","pranav.bose80_m1@example.com","Sneha Tambe","sneha.tambe80_m2@example.com","",""
"Matrix Titans 81","Shreya Shinde","shreya.shinde81@example.com","VIIT Pune","Rhea Malhotra","rhea.malhotra81_m1@example.com","","","",""
"Logic Nodes 82","Isha Iyer","isha.iyer82@example.com","Walchand College of Engineering, Sangli","Arjun Kapoor","arjun.kapoor82_m1@example.com","","","",""
"Quantum Innovators 83","Gauri Sharma","gauri.sharma83@example.com","VJTI Mumbai","Vihaan Shinde","vihaan.shinde83_m1@example.com","","","",""
"Vector Warriors 84","Isha Malhotra","isha.malhotra84@example.com","SPIT Mumbai","Shreya Sharma","shreya.sharma84_m1@example.com","","","",""
"Zenith Warriors 85","Aditi Mehta","aditi.mehta85@example.com","DY Patil College of Engineering, Akurdi","Aarav Dolas","aarav.dolas85_m1@example.com","","","",""
"Matrix Knights 86","Kabir Bose","kabir.bose86@example.com","MIT World Peace University, Pune","Aarav Iyer","aarav.iyer86_m1@example.com","Vivaan Singh","vivaan.singh86_m2@example.com","Ananya Dolas","ananya.dolas86_m3@example.com"
"Neural Rockets 87","Dhruv Rao","dhruv.rao87@example.com","VJTI Mumbai","Riya Iyer","riya.iyer87_m1@example.com","Tanvi Deshmukh","tanvi.deshmukh87_m2@example.com","Isha Yadav","isha.yadav87_m3@example.com"
"Vector Pioneers 88","Neha Verma","neha.verma88@example.com","VJTI Mumbai","Atharv Patil","atharv.patil88_m1@example.com","Devesh Iyer","devesh.iyer88_m2@example.com","Aarav Verma","aarav.verma88_m3@example.com"
"Synapse Squad 89","Arjun Dolas","arjun.dolas89@example.com","SPIT Mumbai","","","","","",""
"Terra Warriors 90","Pooja Nair","pooja.nair90@example.com","DY Patil College of Engineering, Akurdi","Reyansh Pawar","reyansh.pawar90_m1@example.com","Ananya Shinde","ananya.shinde90_m2@example.com","",""
"Binary Pioneers 91","Ishaan Malhotra","ishaan.malhotra91@example.com","DY Patil College of Engineering, Akurdi","Kavya Singh","kavya.singh91_m1@example.com","Reyansh Tambe","reyansh.tambe91_m2@example.com","Saanvi Singh","saanvi.singh91_m3@example.com"
"Crypto Bytes 92","Aarav Reddy","aarav.reddy92@example.com","COEP Technological University, Pune","Atharv Mehta","atharv.mehta92_m1@example.com","Kunal Bose","kunal.bose92_m2@example.com","",""
"Code Guild 93","Dhruv Singh","dhruv.singh93@example.com","Cummins College of Engineering for Women, Pune","Ayaan Dolas","ayaan.dolas93_m1@example.com","Harsh Gupta","harsh.gupta93_m2@example.com","",""
"Matrix Rockets 94","Pranav Malhotra","pranav.malhotra94@example.com","MIT World Peace University, Pune","Krishna Sharma","krishna.sharma94_m1@example.com","Sneha Dolas","sneha.dolas94_m2@example.com","",""
"Pixel Pioneers 95","Vihaan Malhotra","vihaan.malhotra95@example.com","DY Patil College of Engineering, Akurdi","Aditi Sharma","aditi.sharma95_m1@example.com","Dhruv Joshi","dhruv.joshi95_m2@example.com","Kavya Mehta","kavya.mehta95_m3@example.com"
"Nexus Nodes 96","Diya Deshmukh","diya.deshmukh96@example.com","MIT World Peace University, Pune","Neha Shinde","neha.shinde96_m1@example.com","Ananya Pawar","ananya.pawar96_m2@example.com","",""
"Apex Legion 97","Sai Pawar","sai.pawar97@example.com","Cummins College of Engineering for Women, Pune","Kabir Sharma","kabir.sharma97_m1@example.com","Krishna Shinde","krishna.shinde97_m2@example.com","",""
"Vision Pioneers 98","Shaurya Singh","shaurya.singh98@example.com","Sinhgad College of Engineering, Vadgaon","Tanvi Sharma","tanvi.sharma98_m1@example.com","Pranav Joshi","pranav.joshi98_m2@example.com","",""
"Sigma Pioneers 99","Ayaan Reddy","ayaan.reddy99@example.com","COEP Technological University, Pune","Devesh Chavan","devesh.chavan99_m1@example.com","","","",""
"Zenith Knights 100","Sneha Malhotra","sneha.malhotra100@example.com","SPIT Mumbai","Harsh Reddy","harsh.reddy100_m1@example.com","Ananya Yadav","ananya.yadav100_m2@example.com","",""